{"cameraMode":{"drawMode":0,"name":"Shaded","section":"Shading Mode"},"sceneLighting":false,"audioPlay":false,"sceneViewState":{"showFog":true,"showMaterialUpdate":false,"showSkybox":false,"showFlares":true,"showImageEffects":true,"showParticleSystems":true},"in2DMode":false,"pivot":{"x":-0.3204561471939087,"y":1.4965722560882569,"z":3.0394625663757326},"rotation":{"x":-0.21336793899536134,"y":-0.34112825989723208,"z":0.07979097962379456,"w":-0.9120362401008606},"size":1.074934959411621,"orthographic":false}