{"cameraMode":{"drawMode":0,"name":"Shaded","section":"Shading Mode"},"sceneLighting":true,"audioPlay":false,"sceneViewState":{"showFog":true,"showMaterialUpdate":false,"showSkybox":true,"showFlares":true,"showImageEffects":true,"showParticleSystems":true},"in2DMode":false,"pivot":{"x":0.22365999221801759,"y":1.980942726135254,"z":3.7793807983398439},"rotation":{"x":0.21427956223487855,"y":0.2628619074821472,"z":-0.05999686196446419,"w":0.9388247132301331},"size":7.200451850891113,"orthographic":false}