{"cameraMode":{"drawMode":0,"name":"Shaded","section":"Shading Mode"},"sceneLighting":true,"audioPlay":false,"sceneViewState":{"showFog":true,"showMaterialUpdate":false,"showSkybox":true,"showFlares":true,"showImageEffects":true,"showParticleSystems":true},"in2DMode":false,"pivot":{"x":-0.8449993133544922,"y":0.8679900169372559,"z":4.051619529724121},"rotation":{"x":0.24212853610515595,"y":0.3549900949001312,"z":-0.09572926163673401,"w":0.8978903293609619},"size":8.415807723999024,"orthographic":false}