{"cameraMode":{"drawMode":0,"name":"Shaded","section":"Shading Mode"},"sceneLighting":false,"audioPlay":false,"sceneViewState":{"showFog":true,"showMaterialUpdate":false,"showSkybox":false,"showFlares":true,"showImageEffects":true,"showParticleSystems":true},"in2DMode":false,"pivot":{"x":1.5850000381469727,"y":1.5095722675323487,"z":2.891573905944824},"rotation":{"x":-0.21021105349063874,"y":-0.7661610245704651,"z":0.30714863538742068,"w":-0.524211049079895},"size":1.0749350786209107,"orthographic":false}